User One,uone,02 94375116,IEO,GN,20130904RO1,Illumina_1_ATCACG,RNA-Seq,50,Paired end : 35 mio reads : one fourth of a lane : 50 bases,Altro,Not Needed,MOUSE,,D10-1,4-Sep-13,322.7,,,200
User One,uone,02 94375116,IEO,GN,20130904RO2,Illumina_3_TTAGGC,RNA-Seq,50,Paired end : 35 mio reads : one fourth of a lane : 50 bases,Altro,Not Needed,MOUSE,,D10-2,4-Sep-13,132,,,200
User One,uone,02 94375116,IEO,GN,20130904RO3,Illumina_8_ACTTGA,RNA-Seq,50,Paired end : 35 mio reads : one fourth of a lane : 50 bases,Altro,Not Needed,MOUSE,,D10-3,4-Sep-13,324.7,,,200
User One,uone,02 94375116,IEO,GN,20130904RO4,Illumina_9_GATCAG,RNA-Seq,50,Paired end : 35 mio reads : one fourth of a lane : 50 bases,Altro,Not Needed,MOUSE,,D10-4,4-Sep-13,220.1,,,200
User One,uone,02 94375116,IEO,GN,20130904RO5,Illumina_1_ATCACG,RNA-Seq,50,Paired end : 35 mio reads : one fourth of a lane : 50 bases,Altro,Not Needed,MOUSE,,D10-5,4-Sep-13,243.9,,,200
User One,uone,02 94375116,IEO,GN,20130904RO6,Illumina_3_TTAGGC,RNA-Seq,50,Paired end : 35 mio reads : one fourth of a lane : 50 bases,Altro,Not Needed,MOUSE,,D10-6,4-Sep-13,232.7,,,200
User One,uone,02 94375116,IEO,GN,20130904RO7,Illumina_8_ACTTGA,RNA-Seq,50,Paired end : 35 mio reads : one fourth of a lane : 50 bases,Altro,Not Needed,MOUSE,,D10-7,4-Sep-13,197,,,200
User One,uone,02 94375116,IEO,GN,20130904RO8,Illumina_9_GATCAG,RNA-Seq,50,Paired end : 35 mio reads : one fourth of a lane : 50 bases,Altro,Not Needed,MOUSE,,D10-8,4-Sep-13,648.7,,,200
User One,uone,02 94375116,IEO,GN,20130904RO9,Illumina_1_ATCACG,RNA-Seq,50,Paired end : 35 mio reads : one fourth of a lane : 50 bases,Altro,Not Needed,MOUSE,,D10-9,4-Sep-13,224.6,,,200
User One,uone,02 94375116,IEO,GN,20130904RO10,Illumina_3_TTAGGC,RNA-Seq,50,Paired end : 35 mio reads : one fourth of a lane : 50 bases,Altro,Not Needed,MOUSE,,D10-10,4-Sep-13,212.1,,,200
User One,uone,02 94375116,IEO,GN,20130904RO11,Illumina_1_ATCACG,RNA-Seq,50,Paired end : 35 mio reads : one fourth of a lane : 50 bases,Altro,Not Needed,MOUSE,,D22-1,4-Sep-13,90.21,,,200
User One,uone,02 94375116,IEO,GN,20130904RO12,Illumina_3_TTAGGC,RNA-Seq,50,Paired end : 35 mio reads : one fourth of a lane : 50 bases,Altro,Not Needed,MOUSE,,D22-2,4-Sep-13,74.12,,,200
User One,uone,02 94375116,IEO,GN,20130904RO13,Illumina_8_ACTTGA,RNA-Seq,50,Paired end : 35 mio reads : one fourth of a lane : 50 bases,Altro,Not Needed,MOUSE,,D22-3,4-Sep-13,70.9,,,200
User One,uone,02 94375116,IEO,GN,20130904RO14,Illumina_9_GATCAG,RNA-Seq,50,Paired end : 35 mio reads : one fourth of a lane : 50 bases,Altro,Not Needed,MOUSE,,D22-4,4-Sep-13,66.37,,,200
User One,uone,02 94375116,IEO,GN,20130904RO15,Illumina_1_ATCACG,RNA-Seq,50,Paired end : 35 mio reads : one fourth of a lane : 50 bases,Altro,Not Needed,MOUSE,,D22-5,4-Sep-13,72.96,,,200
User One,uone,02 94375116,IEO,GN,20130904RO16,Illumina_3_TTAGGC,RNA-Seq,50,Paired end : 35 mio reads : one fourth of a lane : 50 bases,Altro,Not Needed,MOUSE,,D22-6,4-Sep-13,71.8,,,200
User One,uone,02 94375116,IEO,GN,20130904RO17,Illumina_8_ACTTGA,RNA-Seq,50,Paired end : 35 mio reads : one fourth of a lane : 50 bases,Altro,Not Needed,MOUSE,,D22-7,4-Sep-13,70.88,,,200
User One,uone,02 94375116,IEO,GN,20130904RO18,Illumina_9_GATCAG,RNA-Seq,50,Paired end : 35 mio reads : one fourth of a lane : 50 bases,Altro,Not Needed,MOUSE,,D22-8,4-Sep-13,192.4,,,200
